<blocks app="Snap! 4.0, http://snap.berkeley.edu" version="1"><block-definition s="kadecot_list" type="reporter" category="sensing"><header></header><code></code><inputs></inputs><script><block s="doDeclareVariables"><list><l>raw</l><l>first_split</l><l>nickname</l><l>device_type</l></list></block><block s="doSetVar"><l>raw</l><block s="reportURL"><l>localhost:31338/list</l></block></block><block s="doSetVar"><l>first_split</l><block s="reportTextSplit"><block var="raw"/><l>;</l></block></block><block s="doSetVar"><l>nickname</l><block s="reportTextSplit"><block s="reportListItem"><l>1</l><block var="first_split"/></block><l>:</l></block></block><block s="doSetVar"><l>device_type</l><block s="reportTextSplit"><block s="reportListItem"><l>2</l><block var="first_split"/></block><l>:</l></block></block><block s="doReport"><block s="reportNewList"><list><block var="nickname"/><block var="device_type"/></list></block></block></script></block-definition><block-definition s="kadecot_set %&apos;nickname&apos; %&apos;epc&apos; %&apos;edt&apos;" type="reporter" category="motion"><header></header><code></code><inputs><input type="%txt"></input><input type="%txt"></input><input type="%l"></input></inputs><script><block s="doDeclareVariables"><list><l>raw</l><l>first_split</l><l>message</l><l>retval</l><l>edt_str</l><l>edt_rest</l></list></block><block s="doIfElse"><block s="reportEquals"><block s="reportListLength"><block var="edt"/></block><l>0</l></block><script><block s="doSetVar"><l>edt_str</l><l></l></block></script><script><block s="doSetVar"><l>edt_str</l><block s="reportListItem"><l>1</l><block var="edt"/></block></block><block s="doSetVar"><l>edt_rest</l><block s="reportCDR"><block var="edt"/></block></block><block s="doUntil"><block s="reportEquals"><block s="reportListLength"><block var="edt_rest"/></block><l>0</l></block><script><block s="doSetVar"><l>edt_str</l><block s="reportJoinWords"><list><block var="edt_str"/><l>-</l><block s="reportListItem"><l>1</l><block var="edt_rest"/></block></list></block></block><block s="doSetVar"><l>edt_rest</l><block s="reportCDR"><block var="edt_rest"/></block></block></script></block></script></block><block s="doSetVar"><l>raw</l><block s="reportURL"><block s="reportJoinWords"><list><l>localhost:31338/set?nickname=</l><block var="nickname"/><l>&amp;epc=</l><block var="epc"/><l>&amp;edt=</l><block var="edt_str"/></list></block></block></block><block s="doSetVar"><l>first_split</l><block s="reportTextSplit"><block var="raw"/><l>;</l></block></block><block s="doSetVar"><l>message</l><block s="reportListItem"><l>1</l><block var="first_split"/></block></block><block s="doSetVar"><l>retval</l><block s="reportTextSplit"><block s="reportListItem"><l>2</l><block var="first_split"/></block><l>:</l></block></block><block s="doReport"><block s="reportNewList"><list><block var="message"/><block var="retval"/></list></block></block></script></block-definition><block-definition s="kadecot_get %&apos;nickname&apos; %&apos;epc&apos;" type="reporter" category="sensing"><header></header><code></code><inputs><input type="%txt"></input><input type="%s"></input></inputs><script><block s="doDeclareVariables"><list><l>raw</l><l>first_split</l><l>message</l><l>retval</l></list></block><block s="doSetVar"><l>raw</l><block s="reportURL"><block s="reportJoinWords"><list><l>localhost:31338/get?nickname=</l><block var="nickname"/><l>&amp;epc=</l><block var="epc"/></list></block></block></block><block s="doSetVar"><l>first_split</l><block s="reportTextSplit"><block var="raw"/><l>;</l></block></block><block s="doSetVar"><l>message</l><block s="reportListItem"><l>1</l><block var="first_split"/></block></block><block s="doSetVar"><l>retval</l><block s="reportTextSplit"><block s="reportListItem"><l>2</l><block var="first_split"/></block><l>:</l></block></block><block s="doReport"><block s="reportNewList"><list><block var="message"/><block var="retval"/></list></block></block></script></block-definition></blocks>